insert into CodigoPostal (codigoPostal, cidade) values ('4700-023', 'Braga');
insert into CodigoPostal (codigoPostal, cidade) values ('3000-041', 'Coimbra');
insert into CodigoPostal (codigoPostal, cidade) values ('4700-106', 'Braga');
insert into CodigoPostal (codigoPostal, cidade) values ('1000-012', 'Lisboa');
insert into CodigoPostal (codigoPostal, cidade) values ('4000-129', 'Porto');
insert into CodigoPostal (codigoPostal, cidade) values ('5000-165', 'Vila Real');
insert into CodigoPostal (codigoPostal, cidade) values ('1000-152', 'Lisboa');
insert into CodigoPostal (codigoPostal, cidade) values ('4000-008', 'Porto');
insert into CodigoPostal (codigoPostal, cidade) values ('1000-203', 'Lisboa');
insert into CodigoPostal (codigoPostal, cidade) values ('4000-052', 'Porto');
insert into CodigoPostal (codigoPostal, cidade) values ('4700-225', 'Braga');
insert into CodigoPostal (codigoPostal, cidade) values ('4000-211', 'Porto');
insert into CodigoPostal (codigoPostal, cidade) values ('7000-066', 'Evora');
insert into CodigoPostal (codigoPostal, cidade) values ('1000-074', 'Lisboa');
insert into CodigoPostal (codigoPostal, cidade) values ('4700-314', 'Braga');

insert into TesteClinico (idTesteClinico, designacao, preco) values (1, 'Eletrocardiograma', 14.99);
insert into TesteClinico (idTesteClinico, designacao, preco) values (2, 'Eletroencefalograma', 75);
insert into TesteClinico (idTesteClinico, designacao, preco) values (3, 'Glicose', 3.95);
insert into TesteClinico (idTesteClinico, designacao, preco) values (4, 'Hemograma', 5.71);
insert into TesteClinico (idTesteClinico, designacao, preco) values (5, 'Fosforilases', 26.34);
insert into TesteClinico (idTesteClinico, designacao, preco) values (6, 'Triglicerides', 2.50);
insert into TesteClinico (idTesteClinico, designacao, preco) values (7, 'Colesterol', 4.39);
insert into TesteClinico (idTesteClinico, designacao, preco) values (8, 'Ureia', 0.88);
insert into TesteClinico (idTesteClinico, designacao, preco) values (9, 'Sodio', 1.25);
insert into TesteClinico (idTesteClinico, designacao, preco) values (10, 'Potassio', 1.25);
insert into TesteClinico (idTesteClinico, designacao, preco) values (11, 'Urina', 0.97);

insert into Modalidade (idModalidade, nome, escalao) values (1, 'Corrida de Pista', 'Infantis');
insert into Modalidade (idModalidade, nome, escalao) values (2, 'Corrida de Pista', 'Iniciados');
insert into Modalidade (idModalidade, nome, escalao) values (3, 'Corrida de Pista', 'Juvenis');
insert into Modalidade (idModalidade, nome, escalao) values (4, 'Corrida de Pista', 'Juniores');
insert into Modalidade (idModalidade, nome, escalao) values (5, 'Corrida de Pista', 'Seniores');
insert into Modalidade (idModalidade, nome, escalao) values (6, 'Corrida de Pista', 'Veteranos');
insert into Modalidade (idModalidade, nome, escalao) values (7, 'Corrida de Obstaculos', 'Infantis');
insert into Modalidade (idModalidade, nome, escalao) values (8, 'Corrida de Obstaculos', 'Iniciados');
insert into Modalidade (idModalidade, nome, escalao) values (9, 'Corrida de Obstaculos', 'Juvenis');
insert into Modalidade (idModalidade, nome, escalao) values (10, 'Corrida de Obstaculos', 'Juniores');
insert into Modalidade (idModalidade, nome, escalao) values (11, 'Corrida de Obstaculos', 'Seniores');
insert into Modalidade (idModalidade, nome, escalao) values (12, 'Corrida de Obstaculos', 'Veteranos');
insert into Modalidade (idModalidade, nome, escalao) values (13, 'Corrida de Estafetas', 'Infantis');
insert into Modalidade (idModalidade, nome, escalao) values (14, 'Corrida de Estafetas', 'Iniciados');
insert into Modalidade (idModalidade, nome, escalao) values (15, 'Corrida de Estafetas', 'Juvenis');
insert into Modalidade (idModalidade, nome, escalao) values (16, 'Corrida de Estafetas', 'Juniores');
insert into Modalidade (idModalidade, nome, escalao) values (17, 'Corrida de Estafetas', 'Seniores');
insert into Modalidade (idModalidade, nome, escalao) values (18, 'Corrida de Estafetas', 'Veteranos');
insert into Modalidade (idModalidade, nome, escalao) values (19, 'Salto em Comprimento', 'Infantis');
insert into Modalidade (idModalidade, nome, escalao) values (20, 'Salto em Comprimento', 'Iniciados');
insert into Modalidade (idModalidade, nome, escalao) values (21, 'Salto em Comprimento', 'Juvenis');
insert into Modalidade (idModalidade, nome, escalao) values (22, 'Salto em Comprimento', 'Juniores');
insert into Modalidade (idModalidade, nome, escalao) values (23, 'Salto em Comprimento', 'Seniores');
insert into Modalidade (idModalidade, nome, escalao) values (24, 'Salto em Comprimento', 'Veteranos');
insert into Modalidade (idModalidade, nome, escalao) values (25, 'Salto em Altura', 'Infantis');
insert into Modalidade (idModalidade, nome, escalao) values (26, 'Salto em Altura', 'Iniciados');
insert into Modalidade (idModalidade, nome, escalao) values (27, 'Salto em Altura', 'Juvenis');
insert into Modalidade (idModalidade, nome, escalao) values (28, 'Salto em Altura', 'Juniores');
insert into Modalidade (idModalidade, nome, escalao) values (29, 'Salto em Altura', 'Seniores');
insert into Modalidade (idModalidade, nome, escalao) values (30, 'Salto em Altura', 'Veteranos');
insert into Modalidade (idModalidade, nome, escalao) values (31, 'Lancamento', 'Infantis');
insert into Modalidade (idModalidade, nome, escalao) values (32, 'Lancamento', 'Iniciados');
insert into Modalidade (idModalidade, nome, escalao) values (33, 'Lancamento', 'Juvenis');
insert into Modalidade (idModalidade, nome, escalao) values (34, 'Lancamento', 'Juniores');
insert into Modalidade (idModalidade, nome, escalao) values (35, 'Lancamento', 'Seniores');
insert into Modalidade (idModalidade, nome, escalao) values (36, 'Lancamento', 'Veteranos');

insert into Equipamento (idEquipamento, nome) values (1, 'Eletrocardiografo');
insert into Equipamento (idEquipamento, nome) values (2, 'Eletroencefalografo');

insert into Clinica (idClinica, nome, rua, CodigoPostal_codigoPostal) values (1, 'MIEICare - Braga', 'Antonio Jose Lisboa', '4700-225');
insert into Clinica (idClinica, nome, rua, CodigoPostal_codigoPostal) values (2, 'MIEICare - Porto', 'Manjericos', '4000-008');
insert into Clinica (idClinica, nome, rua, CodigoPostal_codigoPostal) values (3, 'MIEICare - Lisboa', 'Entrecampos', '1000-152');

insert into Atleta (idAtleta, email, password, nome, nºCC, nif, ddn, genero, rua, CodigoPostal_codigoPostal, equipa, contacto, Modalidade_idModalidade) values (1, 'pnollet0@google.pl', 'PHNA96', 'Philomena Nollet', '00-145-2441', '19-169-5068', '1973-03-15 23:57:47', 'F', 'Anniversary', '4000-008', '', '6614714553', 22);
insert into Atleta (idAtleta, email, password, nome, nºCC, nif, ddn, genero, rua, CodigoPostal_codigoPostal, equipa, contacto, Modalidade_idModalidade) values (2, 'vseeger1@google.ru', 'KGZg7a7Pmgbm', 'Vachel Seeger', '59-753-4718', '34-677-1630', '1990-01-23 04:55:47', 'M', 'Prairieview', '5000-165', 'Benfica', '7073496156', 31);
insert into Atleta (idAtleta, email, password, nome, nºCC, nif, ddn, genero, rua, CodigoPostal_codigoPostal, equipa, contacto, Modalidade_idModalidade) values (3, 'cderr2@ehow.com', 'E7lRS1xn9', 'Clarita Derr', '64-496-3185', '90-954-9147', '1977-02-24 14:34:22', 'F', 'Toban', '5000-165', 'Porto', '8267349450', 16);
insert into Atleta (idAtleta, email, password, nome, nºCC, nif, ddn, genero, rua, CodigoPostal_codigoPostal, equipa, contacto, Modalidade_idModalidade) values (4, 'dburtonshaw3@house.gov', 'Z7K07f', 'Dilly Burtonshaw', '23-131-8124', '05-208-3330', '1958-01-16 19:19:25', 'M', 'Bashford', '1000-203', '', '5885690166', 6);
insert into Atleta (idAtleta, email, password, nome, nºCC, nif, ddn, genero, rua, CodigoPostal_codigoPostal, equipa, contacto, Modalidade_idModalidade) values (5, 'cruffle4@disqus.com', 'wWdRT4kK8', 'Clyve Ruffle', '69-312-7776', '52-976-9090', '1967-02-10 09:31:15', 'M', 'Service', '4700-106', 'Vidigalense', '1762569927', 12);
insert into Atleta (idAtleta, email, password, nome, nºCC, nif, ddn, genero, rua, CodigoPostal_codigoPostal, equipa, contacto, Modalidade_idModalidade) values (6, 'ccaslake5@tinyurl.com', 'ovAKo9', 'Con Caslake', '46-436-0461', '10-655-5283', '2008-11-17 10:09:49', 'M', 'Helena', '1000-012', 'Conforlimpa', '5902400465', 21);
insert into Atleta (idAtleta, email, password, nome, nºCC, nif, ddn, genero, rua, CodigoPostal_codigoPostal, equipa, contacto, Modalidade_idModalidade) values (7, 'lgeorgius6@imdb.com', 'dVaHXLp', 'Lawton Georgius', '00-932-9006', '80-761-6599', '1951-04-14 04:58:16', 'M', 'Dakota', '4700-225', 'Conforlimpa', '1422487618', 3);
insert into Atleta (idAtleta, email, password, nome, nºCC, nif, ddn, genero, rua, CodigoPostal_codigoPostal, equipa, contacto, Modalidade_idModalidade) values (8, 'oebbing7@rambler.ru', '6G37x46ufWM', 'Olivette Ebbing', '03-902-9697', '76-705-2893', '1952-03-31 22:34:35', 'F', 'Anderson', '1000-203', 'Conforlimpa', '7189494159', 10);
insert into Atleta (idAtleta, email, password, nome, nºCC, nif, ddn, genero, rua, CodigoPostal_codigoPostal, equipa, contacto, Modalidade_idModalidade) values (9, 'ocrosier8@tripod.com', '6LdPhote', 'Olia Crosier', '37-065-5243', '36-150-3737', '2007-03-18 09:28:00', 'F', 'Kropf', '1000-152', 'Porto', '2376601172', 31);
insert into Atleta (idAtleta, email, password, nome, nºCC, nif, ddn, genero, rua, CodigoPostal_codigoPostal, equipa, contacto, Modalidade_idModalidade) values (10, 'mechlin9@netvibes.com', '0KRS69hDn', 'Mirna Echlin', '38-995-1867', '01-325-7312', '1955-09-12 17:35:03', 'F', 'Eastlawn', '4000-008', 'Porto', '1017602964', 36);
insert into Atleta (idAtleta, email, password, nome, nºCC, nif, ddn, genero, rua, CodigoPostal_codigoPostal, equipa, contacto, Modalidade_idModalidade) values (11, 'rfraczeka@wufoo.com', '8ZFyBOlNREV', 'Ralph Fraczek', '24-310-2137', '28-770-9215', '1982-10-19 07:17:51', 'M', 'Sloan', '4700-225', 'Sporting', '5038752644', 10);
insert into Atleta (idAtleta, email, password, nome, nºCC, nif, ddn, genero, rua, CodigoPostal_codigoPostal, equipa, contacto, Modalidade_idModalidade) values (12, 'klantaphb@archive.org', '4N4EXL', 'Killie Lantaph', '53-193-1298', '99-649-5797', '2003-02-12 04:18:49', 'M', 'Mockingbird', '5000-165', 'Conforlimpa', '9215120099', 19);
insert into Atleta (idAtleta, email, password, nome, nºCC, nif, ddn, genero, rua, CodigoPostal_codigoPostal, equipa, contacto, Modalidade_idModalidade) values (13, 'ndowntonc@hud.gov', '3IvxQiCBthn', 'Niko Downton', '45-454-0416', '53-264-4017', '1953-01-05 05:59:06', 'M', 'Dovetail', '4000-129', 'Porto', '7205965349', 21);
insert into Atleta (idAtleta, email, password, nome, nºCC, nif, ddn, genero, rua, CodigoPostal_codigoPostal, equipa, contacto, Modalidade_idModalidade) values (14, 'adaughtryd@google.com.hk', 'EnWMBBSuWjG4', 'Angelo Daughtry', '11-998-9941', '27-650-2898', '1978-03-16 12:37:47', 'M', 'Southridge', '4700-225', 'Conforlimpa', '4584751978', 23);
insert into Atleta (idAtleta, email, password, nome, nºCC, nif, ddn, genero, rua, CodigoPostal_codigoPostal, equipa, contacto, Modalidade_idModalidade) values (15, 'ereardone@alexa.com', '5YJvSplXyj5n', 'Ezequiel Reardon', '01-873-9948', '61-655-0202', '1955-12-19 09:54:35', 'M', 'Burrows', '3000-041', 'Conforlimpa', '6574460419', 32);
insert into Atleta (idAtleta, email, password, nome, nºCC, nif, ddn, genero, rua, CodigoPostal_codigoPostal, equipa, contacto, Modalidade_idModalidade) values (16, 'taultf@instagram.com', 'gmmYLTgI', 'Tybie Ault', '37-535-1923', '09-403-3373', '1952-04-24 05:45:25', 'F', 'Lindbergh', '4000-129', 'Porto', '6546256513', 25);
insert into Atleta (idAtleta, email, password, nome, nºCC, nif, ddn, genero, rua, CodigoPostal_codigoPostal, equipa, contacto, Modalidade_idModalidade) values (17, 'kskelliong@myspace.com', 'k9Fkwd', 'Kettie Skellion', '28-194-8211', '46-161-1574', '2009-03-03 11:21:28', 'F', 'Debra', '1000-074', '', '2704533683', 26);
insert into Atleta (idAtleta, email, password, nome, nºCC, nif, ddn, genero, rua, CodigoPostal_codigoPostal, equipa, contacto, Modalidade_idModalidade) values (18, 'tfineh@4shared.com', '048BGaSd', 'Tann Fine', '16-923-4373', '58-934-9199', '1944-01-15 03:45:14', 'M', 'Holy Cross', '4000-008', 'Sporting', '8236522924', 22);
insert into Atleta (idAtleta, email, password, nome, nºCC, nif, ddn, genero, rua, CodigoPostal_codigoPostal, equipa, contacto, Modalidade_idModalidade) values (19, 'dlesseri@prlog.org', '6X7NTs6JUZ4', 'Daphene Lesser', '89-556-8625', '86-516-3602', '2005-08-07 00:41:57', 'F', 'Manley', '1000-074', 'Conforlimpa', '1228964436', 22);
insert into Atleta (idAtleta, email, password, nome, nºCC, nif, ddn, genero, rua, CodigoPostal_codigoPostal, equipa, contacto, Modalidade_idModalidade) values (20, 'ypellettj@merriam-webster.com', 'wMEBsOPQgUfe', 'Yuma Pellett', '81-847-5143', '14-430-9991', '1974-03-05 03:22:53', 'M', 'Rockefeller', '1000-012', 'Benfica', '8034148113', 3);
insert into Atleta (idAtleta, email, password, nome, nºCC, nif, ddn, genero, rua, CodigoPostal_codigoPostal, equipa, contacto, Modalidade_idModalidade) values (21, 'blek@amazon.co.uk', 'kTDigmanNOaT', 'Bernette Le Provost', '09-743-1068', '68-545-0675', '1959-08-22 10:00:56', 'F', 'Clyde Gallagher', '5000-165', 'Conforlimpa', '1773863094', 15);
insert into Atleta (idAtleta, email, password, nome, nºCC, nif, ddn, genero, rua, CodigoPostal_codigoPostal, equipa, contacto, Modalidade_idModalidade) values (22, 'khobbemal@gov.uk', 'Aq3SeTI511Z', 'Kellen Hobbema', '82-330-3104', '33-408-8339', '1991-06-21 15:08:46', 'M', 'Namekagon', '1000-203', 'Sporting', '5015432436', 7);
insert into Atleta (idAtleta, email, password, nome, nºCC, nif, ddn, genero, rua, CodigoPostal_codigoPostal, equipa, contacto, Modalidade_idModalidade) values (23, 'mbroadwoodm@diigo.com', 'p6WzSFC', 'Madella Broadwood', '73-639-4858', '08-468-4449', '1985-06-05 17:29:15', 'F', 'Westend', '4000-129', 'Benfica', '5808977926', 32);
insert into Atleta (idAtleta, email, password, nome, nºCC, nif, ddn, genero, rua, CodigoPostal_codigoPostal, equipa, contacto, Modalidade_idModalidade) values (24, 'wmcilraithn@csmonitor.com', 'xNQnc9yEtBO', 'Willdon McIlraith', '56-929-7303', '45-663-6595', '1984-04-16 16:00:09', 'M', 'Sycamore', '1000-074', 'Braga', '2569837235', 7);
insert into Atleta (idAtleta, email, password, nome, nºCC, nif, ddn, genero, rua, CodigoPostal_codigoPostal, equipa, contacto, Modalidade_idModalidade) values (25, 'abenedettio@infoseek.co.jp', 'Gc2V4TwvNin', 'Ashla Benedetti', '05-495-4274', '27-537-0795', '2007-05-21 14:23:01', 'F', 'Waubesa', '4000-052', 'Conforlimpa', '5397174760', 14);
insert into Atleta (idAtleta, email, password, nome, nºCC, nif, ddn, genero, rua, CodigoPostal_codigoPostal, equipa, contacto, Modalidade_idModalidade) values (26, 'rglassborowp@zimbio.com', '4Oqv1Qr', 'Rorke Glassborow', '77-019-1622', '50-544-2639', '1981-08-29 17:36:34', 'M', 'Moland', '1000-012', 'Vidigalense', '3883408789', 34);
insert into Atleta (idAtleta, email, password, nome, nºCC, nif, ddn, genero, rua, CodigoPostal_codigoPostal, equipa, contacto, Modalidade_idModalidade) values (27, 'gdemongeotq@cisco.com', 'uqaJcbSwTn', 'Gardener Demongeot', '60-996-9252', '65-984-2539', '1971-03-18 16:07:58', 'M', 'Hintze', '1000-074', 'Porto', '8364440124', 20);
insert into Atleta (idAtleta, email, password, nome, nºCC, nif, ddn, genero, rua, CodigoPostal_codigoPostal, equipa, contacto, Modalidade_idModalidade) values (28, 'mmateikor@youku.com', 'EbX71cWqO', 'Malory Mateiko', '23-241-5679', '93-955-1939', '1942-08-16 17:52:34', 'F', 'Jay', '4000-211', 'Vidigalense', '5938602015', 33);
insert into Atleta (idAtleta, email, password, nome, nºCC, nif, ddn, genero, rua, CodigoPostal_codigoPostal, equipa, contacto, Modalidade_idModalidade) values (29, 'fotridges@blogtalkradio.com', '2yC6nHEmU', 'Francis Otridge', '79-669-0489', '86-500-4721', '2005-02-04 11:19:21', 'M', 'Upham', '4000-129', 'Conforlimpa', '9332822117', 15);
insert into Atleta (idAtleta, email, password, nome, nºCC, nif, ddn, genero, rua, CodigoPostal_codigoPostal, equipa, contacto, Modalidade_idModalidade) values (30, 'ashwalbet@1und1.de', 'xJ6cmw', 'Anson Shwalbe', '85-116-4996', '47-005-8794', '2007-07-04 05:43:16', 'M', 'Johnson', '4000-052', 'Porto', '2446379963', 15);
insert into Atleta (idAtleta, email, password, nome, nºCC, nif, ddn, genero, rua, CodigoPostal_codigoPostal, equipa, contacto, Modalidade_idModalidade) values (31, 'wmacaku@weather.com', 'VbKnkd6y8I', 'Willyt Macak', '87-473-2813', '06-894-8841', '1961-02-16 21:45:48', 'F', 'Vidon', '3000-041', 'Sporting', '9089741392', 29);
insert into Atleta (idAtleta, email, password, nome, nºCC, nif, ddn, genero, rua, CodigoPostal_codigoPostal, equipa, contacto, Modalidade_idModalidade) values (32, 'ecourvertv@discovery.com', '9X2QpEdBOvNL', 'Ermengarde Courvert', '17-149-4880', '05-024-9259', '1996-11-14 05:12:59', 'F', 'Duke', '1000-203', 'Sporting', '2827921469', 8);
insert into Atleta (idAtleta, email, password, nome, nºCC, nif, ddn, genero, rua, CodigoPostal_codigoPostal, equipa, contacto, Modalidade_idModalidade) values (33, 'bclemptonw@qq.com', 'FfA1YuzZu1M', 'Brendin Clempton', '55-120-2258', '92-493-4259', '1954-04-25 16:53:54', 'M', 'Straubel', '1000-203', 'Porto', '3466308002', 32);
insert into Atleta (idAtleta, email, password, nome, nºCC, nif, ddn, genero, rua, CodigoPostal_codigoPostal, equipa, contacto, Modalidade_idModalidade) values (34, 'dbrimmingx@cargocollective.com', 'sqyV3dWvUgMz', 'Daron Brimming', '71-880-1734', '63-846-2122', '1978-03-30 23:13:56', 'M', 'Goodland', '1000-074', 'Conforlimpa', '8999907530', 22);
insert into Atleta (idAtleta, email, password, nome, nºCC, nif, ddn, genero, rua, CodigoPostal_codigoPostal, equipa, contacto, Modalidade_idModalidade) values (35, 'smacpaikey@a8.net', 'uxbvAEAHTxu', 'Sarge MacPaike', '23-297-5532', '21-137-3170', '1983-09-30 00:34:24', 'M', 'Meadow Valley', '4000-008', 'Benfica', '1324827854', 26);
insert into Atleta (idAtleta, email, password, nome, nºCC, nif, ddn, genero, rua, CodigoPostal_codigoPostal, equipa, contacto, Modalidade_idModalidade) values (36, 'bgilbridez@timesonline.co.uk', 'KYGSwipi7ym2', 'Becki Gilbride', '23-032-7624', '23-390-6377', '1953-09-30 15:06:56', 'F', 'Grover', '4700-106', 'Sporting', '4828306666', 35);
insert into Atleta (idAtleta, email, password, nome, nºCC, nif, ddn, genero, rua, CodigoPostal_codigoPostal, equipa, contacto, Modalidade_idModalidade) values (37, 'akamall10@army.mil', 'bUBxrvDHc', 'Ahmed Kamall', '53-759-4954', '10-028-0249', '1992-06-04 05:17:03', 'M', 'Anhalt', '4000-052', '', '8388380254', 15);
insert into Atleta (idAtleta, email, password, nome, nºCC, nif, ddn, genero, rua, CodigoPostal_codigoPostal, equipa, contacto, Modalidade_idModalidade) values (38, 'ahadden11@oaic.gov.au', 'adLbiZlf', 'Austin Hadden', '46-247-3044', '71-196-2450', '2009-01-04 01:30:25', 'M', 'Anhalt', '4700-225', 'Porto', '1933726283', 29);
insert into Atleta (idAtleta, email, password, nome, nºCC, nif, ddn, genero, rua, CodigoPostal_codigoPostal, equipa, contacto, Modalidade_idModalidade) values (39, 'jcail12@baidu.com', 'D4TQpIYkqdt', 'Jorrie Cail', '04-460-7945', '56-636-8573', '1956-08-29 09:32:28', 'F', 'Westridge', '5000-165', 'Porto', '9728265732', 33);
insert into Atleta (idAtleta, email, password, nome, nºCC, nif, ddn, genero, rua, CodigoPostal_codigoPostal, equipa, contacto, Modalidade_idModalidade) values (40, 'eamberson13@merriam-webster.com', '9qpIAzBgD', 'Elisabetta Amberson', '58-771-8012', '57-686-9503', '2008-01-26 10:30:11', 'F', 'Weeping Birch', '4700-023', 'Sporting', '9693379606', 9);
insert into Atleta (idAtleta, email, password, nome, nºCC, nif, ddn, genero, rua, CodigoPostal_codigoPostal, equipa, contacto, Modalidade_idModalidade) values (41, 'gisgar14@digg.com', 'Pf22GZ0mo', 'Gleda Isgar', '99-261-8770', '98-264-6915', '1987-08-25 18:51:45', 'F', 'Ilene', '4000-008', 'Braga', '5583421437', 4);
insert into Atleta (idAtleta, email, password, nome, nºCC, nif, ddn, genero, rua, CodigoPostal_codigoPostal, equipa, contacto, Modalidade_idModalidade) values (42, 'kinkster15@latimes.com', 'Lm8TYFGJiybQ', 'Kelila Inkster', '49-413-0846', '80-069-9046', '1972-09-28 19:19:14', 'F', 'Dovetail', '3000-041', 'Benfica', '5872973393', 7);
insert into Atleta (idAtleta, email, password, nome, nºCC, nif, ddn, genero, rua, CodigoPostal_codigoPostal, equipa, contacto, Modalidade_idModalidade) values (43, 'cfollin16@sakura.ne.jp', 'JZn4RHj', 'Corrine Follin', '11-840-3901', '93-386-0828', '1946-04-14 21:32:46', 'F', 'Sunnyside', '4000-008', 'Benfica', '8854710776', 11);
insert into Atleta (idAtleta, email, password, nome, nºCC, nif, ddn, genero, rua, CodigoPostal_codigoPostal, equipa, contacto, Modalidade_idModalidade) values (44, 'acampagne17@furl.net', '6bUdizS6', 'Ally Campagne', '48-859-5803', '37-799-2004', '2000-08-21 16:13:24', 'F', 'Mesta', '1000-074', 'Sporting', '5276696738', 1);
insert into Atleta (idAtleta, email, password, nome, nºCC, nif, ddn, genero, rua, CodigoPostal_codigoPostal, equipa, contacto, Modalidade_idModalidade) values (45, 'ndeason18@storify.com', 'bLYdcL3LpMb', 'Nalani Deason', '05-963-2386', '58-276-8679', '1986-11-26 04:43:50', 'F', 'Holmberg', '4000-052', 'Sporting', '3701210906', 20);
insert into Atleta (idAtleta, email, password, nome, nºCC, nif, ddn, genero, rua, CodigoPostal_codigoPostal, equipa, contacto, Modalidade_idModalidade) values (46, 'msissot19@gmpg.org', 'uDLfG7g0V', 'Matti Sissot', '00-894-6003', '61-440-7033', '1966-02-14 11:21:37', 'F', 'Judy', '4700-023', 'Braga', '1954114502', 12);
insert into Atleta (idAtleta, email, password, nome, nºCC, nif, ddn, genero, rua, CodigoPostal_codigoPostal, equipa, contacto, Modalidade_idModalidade) values (47, 'greedick1a@slideshare.net', '2FCDPf6Pn5vL', 'Gwendolen Reedick', '91-594-9238', '16-594-7300', '1981-09-25 23:12:01', 'F', 'Thierer', '4000-008', 'Sporting', '8369328466', 12);
insert into Atleta (idAtleta, email, password, nome, nºCC, nif, ddn, genero, rua, CodigoPostal_codigoPostal, equipa, contacto, Modalidade_idModalidade) values (48, 'lvittet1b@admin.ch', 'tHl0IKlcc', 'Layton Vittet', '75-394-8922', '66-968-2332', '1953-08-04 15:03:34', 'M', 'Waywood', '3000-041', 'Benfica', '9786944271', 30);
insert into Atleta (idAtleta, email, password, nome, nºCC, nif, ddn, genero, rua, CodigoPostal_codigoPostal, equipa, contacto, Modalidade_idModalidade) values (49, 'ddorgan1c@mysql.com', 'WiBegwSBhnG', 'Dun Dorgan', '67-068-4767', '19-059-2610', '1990-05-20 03:23:20', 'M', 'Amoth', '1000-152', 'Benfica', '4627348317', 1);
insert into Atleta (idAtleta, email, password, nome, nºCC, nif, ddn, genero, rua, CodigoPostal_codigoPostal, equipa, contacto, Modalidade_idModalidade) values (50, 'carmytage1d@moonfruit.com', 'HXIaTvfufoY', 'Cory Armytage', '85-951-3276', '18-157-8869', '1979-05-01 15:45:22', 'M', 'Mendota', '1000-012', 'Vidigalense', '9822740229', 30);

insert into Medico (idMedico, email, password, nome, nºCC, cedula, ddn, genero, rua, CodigoPostal_codigoPostal, contacto, Clinica_idClinica) values (1, 'dtappin0@ucoz.com', 'oaHnjMibDjR', 'Dominick Tappin', '41-444-7331', '00-032-9629', '1947-12-13 22:21:00', 'M', 'Scott', '3000-041', '9531185300', 1);
insert into Medico (idMedico, email, password, nome, nºCC, cedula, ddn, genero, rua, CodigoPostal_codigoPostal, contacto, Clinica_idClinica) values (2, 'nfairbrass1@hc360.com', '6lbLU7Bnz5ZF', 'Nicolis Fairbrass', '01-394-8376', '70-901-5590', '1992-05-09 11:32:16', 'M', 'Sauthoff', '4000-052', '1691444396', 3);
insert into Medico (idMedico, email, password, nome, nºCC, cedula, ddn, genero, rua, CodigoPostal_codigoPostal, contacto, Clinica_idClinica) values (3, 'pbarwood2@homestead.com', 'l06LypM32', 'Philippine Barwood', '18-147-2328', '98-837-7571', '1974-01-17 05:10:04', 'F', 'Blaine', '3000-041', '5751904714', 3);
insert into Medico (idMedico, email, password, nome, nºCC, cedula, ddn, genero, rua, CodigoPostal_codigoPostal, contacto, Clinica_idClinica) values (4, 'vhaskey3@over-blog.com', 'O8SKhu2c7AQ', 'Vivianne Haskey', '92-320-7907', '01-897-9079', '1964-06-01 10:05:17', 'F', 'Fremont', '4700-106', '5467580972', 2);
insert into Medico (idMedico, email, password, nome, nºCC, cedula, ddn, genero, rua, CodigoPostal_codigoPostal, contacto, Clinica_idClinica) values (5, 'sbretton4@who.int', 'FnG5uDE0', 'Standford Bretton', '75-380-0077', '68-118-7419', '1973-03-27 09:11:24', 'M', 'Lawn', '4700-106', '7601317154', 2);
insert into Medico (idMedico, email, password, nome, nºCC, cedula, ddn, genero, rua, CodigoPostal_codigoPostal, contacto, Clinica_idClinica) values (6, 'mkaming5@sciencedirect.com', '1R4DWc', 'Marna Kaming', '57-028-1381', '83-094-1962', '1951-06-29 03:39:26', 'F', 'Main', '7000-066', '6251324568', 3);
insert into Medico (idMedico, email, password, nome, nºCC, cedula, ddn, genero, rua, CodigoPostal_codigoPostal, contacto, Clinica_idClinica) values (7, 'bbownde6@feedburner.com', 'Mp8hS6b', 'Brittani Bownde', '00-777-8671', '93-856-3488', '1943-02-22 07:51:55', 'F', 'Superior', '7000-066', '8459652970', 2);
insert into Medico (idMedico, email, password, nome, nºCC, cedula, ddn, genero, rua, CodigoPostal_codigoPostal, contacto, Clinica_idClinica) values (8, 'eticehurst7@comcast.net', 'i6LOti9wv', 'Emmalynn Ticehurst', '86-500-9651', '34-286-6300', '1975-06-23 07:47:29', 'F', 'Charing Cross', '4700-225', '2502997907', 1);
insert into Medico (idMedico, email, password, nome, nºCC, cedula, ddn, genero, rua, CodigoPostal_codigoPostal, contacto, Clinica_idClinica) values (9, 'smetts8@adobe.com', 'XdiXyqxHJBIn', 'Shurlock Metts', '81-429-3316', '72-975-2972', '1949-01-26 10:59:00', 'M', 'Hagan', '1000-152', '4896445319', 2);
insert into Medico (idMedico, email, password, nome, nºCC, cedula, ddn, genero, rua, CodigoPostal_codigoPostal, contacto, Clinica_idClinica) values (10, 'dfronzek9@gmpg.org', 'epBACpU', 'Delaney Fronzek', '58-154-4211', '33-694-7891', '1972-10-06 07:07:29', 'M', 'Kinsman', '4700-106', '1277793230', 3);
insert into Medico (idMedico, email, password, nome, nºCC, cedula, ddn, genero, rua, CodigoPostal_codigoPostal, contacto, Clinica_idClinica) values (11, 'djillingsa@ucoz.com', 'Zdja8bVh', 'Delora Jillings', '42-343-2354', '54-075-2800', '1964-12-23 11:04:24', 'F', 'Kenwood', '3000-041', '6469135338', 1);
insert into Medico (idMedico, email, password, nome, nºCC, cedula, ddn, genero, rua, CodigoPostal_codigoPostal, contacto, Clinica_idClinica) values (12, 'khuttenb@t.co', '8P0Iz7', 'Kyle Hutten', '60-514-8806', '61-819-5599', '1957-07-22 20:19:02', 'F', 'Old Gate', '4000-129', '5013862064', 1);
insert into Medico (idMedico, email, password, nome, nºCC, cedula, ddn, genero, rua, CodigoPostal_codigoPostal, contacto, Clinica_idClinica) values (13, 'dduggenc@cafepress.com', 'tNvxOi3UzK', 'Debbie Duggen', '09-897-1389', '60-418-1060', '1964-09-12 20:55:12', 'F', 'Delaware', '1000-012', '5577116631', 3);
insert into Medico (idMedico, email, password, nome, nºCC, cedula, ddn, genero, rua, CodigoPostal_codigoPostal, contacto, Clinica_idClinica) values (14, 'gsabind@mozilla.org', '5iup8T', 'Godard Sabin', '99-822-9699', '36-183-6900', '1980-11-26 11:54:01', 'M', 'Hazelcrest', '4700-106', '8593428249', 3);
insert into Medico (idMedico, email, password, nome, nºCC, cedula, ddn, genero, rua, CodigoPostal_codigoPostal, contacto, Clinica_idClinica) values (15, 'mbowatere@google.fr', 'V00NpDgTa', 'Mendel Bowater', '96-314-2479', '93-652-1867', '1990-11-22 19:43:25', 'M', 'Loomis', '4700-225', '7465520375', 3);
insert into Medico (idMedico, email, password, nome, nºCC, cedula, ddn, genero, rua, CodigoPostal_codigoPostal, contacto, Clinica_idClinica) values (16, 'bstraniof@weibo.com', 'NSydzSC', 'Barbra Stranio', '57-179-6411', '67-652-5953', '1976-03-04 11:17:39', 'F', 'Northwestern', '4700-106', '7324351054', 1);
insert into Medico (idMedico, email, password, nome, nºCC, cedula, ddn, genero, rua, CodigoPostal_codigoPostal, contacto, Clinica_idClinica) values (17, 'rdrableg@jiathis.com', 'xwW1uddU', 'Rasia Drable', '08-071-4868', '10-070-3677', '1949-06-15 17:19:55', 'F', 'Lawn', '4000-008', '5405116396', 2);
insert into Medico (idMedico, email, password, nome, nºCC, cedula, ddn, genero, rua, CodigoPostal_codigoPostal, contacto, Clinica_idClinica) values (18, 'dcristouh@xinhuanet.com', 'yPEEMHYHQ9X3', 'Daryle Cristou', '30-872-5817', '79-411-2197', '1982-11-25 14:12:17', 'M', 'Melody', '5000-165', '6745699617', 2);
insert into Medico (idMedico, email, password, nome, nºCC, cedula, ddn, genero, rua, CodigoPostal_codigoPostal, contacto, Clinica_idClinica) values (19, 'vpaulichi@java.com', 'nsEuEfYv0Jf', 'Vicky Paulich', '21-039-1626', '13-303-2974', '1968-03-30 01:30:15', 'F', 'Weeping Birch', '1000-012', '5464491740', 2);
insert into Medico (idMedico, email, password, nome, nºCC, cedula, ddn, genero, rua, CodigoPostal_codigoPostal, contacto, Clinica_idClinica) values (20, 'tgerransj@slate.com', '4MYj5vZB1Jy7', 'Torey Gerrans', '21-063-0311', '83-243-6387', '1941-08-08 13:22:37', 'M', 'Forster', '4000-008', '8422309588', 1);
insert into Medico (idMedico, email, password, nome, nºCC, cedula, ddn, genero, rua, CodigoPostal_codigoPostal, contacto, Clinica_idClinica) values (21, 'veastonk@google.ca', 'NrifLy4Uwcy', 'Vicki Easton', '67-526-8604', '23-065-4617', '1959-05-02 13:21:48', 'F', 'Basil', '5000-165', '2081577168', 1);
insert into Medico (idMedico, email, password, nome, nºCC, cedula, ddn, genero, rua, CodigoPostal_codigoPostal, contacto, Clinica_idClinica) values (22, 'eupstonel@blinklist.com', '0B71z0E', 'Ephrayim Upstone', '09-557-1769', '78-439-3884', '1975-01-10 10:20:39', 'M', 'Onsgard', '1000-012', '2696275931', 3);
insert into Medico (idMedico, email, password, nome, nºCC, cedula, ddn, genero, rua, CodigoPostal_codigoPostal, contacto, Clinica_idClinica) values (23, 'tmoncreifm@dailymail.co.uk', 'gIXrCir', 'Tracie Moncreif', '60-393-5243', '73-623-9333', '1973-12-19 02:11:27', 'M', 'Warbler', '4700-106', '2358936755', 1);
insert into Medico (idMedico, email, password, nome, nºCC, cedula, ddn, genero, rua, CodigoPostal_codigoPostal, contacto, Clinica_idClinica) values (24, 'mdoldenn@simplemachines.org', 'JtEUqNIRGO9E', 'Margalit Dolden', '07-092-3878', '11-141-9740', '1964-08-19 21:40:29', 'F', 'Colorado', '4000-211', '8481498313', 3);
insert into Medico (idMedico, email, password, nome, nºCC, cedula, ddn, genero, rua, CodigoPostal_codigoPostal, contacto, Clinica_idClinica) values (25, 'llidingtono@ocn.ne.jp', 'r78pF5', 'Lamond Lidington', '06-862-8970', '74-348-0930', '1945-08-18 09:01:57', 'M', 'Lindbergh', '4000-008', '5246550027', 3);
insert into Medico (idMedico, email, password, nome, nºCC, cedula, ddn, genero, rua, CodigoPostal_codigoPostal, contacto, Clinica_idClinica) values (26, 'dmillichapp@illinois.edu', '22iduV', 'Dar Millichap', '92-220-7231', '25-283-9368', '1984-10-18 13:13:10', 'M', 'Kingsford', '4000-129', '4407093169', 3);
insert into Medico (idMedico, email, password, nome, nºCC, cedula, ddn, genero, rua, CodigoPostal_codigoPostal, contacto, Clinica_idClinica) values (27, 'mgarryq@alexa.com', 'D9rQNwgf', 'Mabelle Garry', '76-375-8250', '27-595-1943', '1975-01-12 15:48:12', 'F', 'Meadow Vale', '1000-012', '4612878474', 1);
insert into Medico (idMedico, email, password, nome, nºCC, cedula, ddn, genero, rua, CodigoPostal_codigoPostal, contacto, Clinica_idClinica) values (28, 'sblighr@washington.edu', '1DM6GSYZp8j', 'Sabina Bligh', '45-951-0683', '66-322-1345', '1990-02-02 08:42:03', 'F', 'Banding', '4700-225', '2753773239', 3);
insert into Medico (idMedico, email, password, nome, nºCC, cedula, ddn, genero, rua, CodigoPostal_codigoPostal, contacto, Clinica_idClinica) values (29, 'gklemenzs@e-recht24.de', 'WjScpN', 'Goraud Klemenz', '20-976-7285', '30-906-0717', '1985-10-04 19:44:14', 'M', 'Rockefeller', '4700-023', '7047559161', 3);
insert into Medico (idMedico, email, password, nome, nºCC, cedula, ddn, genero, rua, CodigoPostal_codigoPostal, contacto, Clinica_idClinica) values (30, 'lsnoddent@intel.com', 'FvEOiGIjRfu', 'Lonee Snodden', '15-222-4849', '09-149-8379', '1982-09-16 17:26:27', 'F', 'Fairfield', '5000-165', '6837456510', 3);

insert into Contacto (numero, Clinica_idClinica) values ('253131230', 1);
insert into Contacto (numero, Clinica_idClinica) values ('253131231', 1);
insert into Contacto (numero, Clinica_idClinica) values ('253131232', 1);
insert into Contacto (numero, Clinica_idClinica) values ('252112394', 2);
insert into Contacto (numero, Clinica_idClinica) values ('252112395', 2);
insert into Contacto (numero, Clinica_idClinica) values ('252112396', 2);
insert into Contacto (numero, Clinica_idClinica) values ('218124223', 3);
insert into Contacto (numero, Clinica_idClinica) values ('218124224', 3);
insert into Contacto (numero, Clinica_idClinica) values ('218124225', 3);

insert into EquipamentoNecessario (TesteClinico_idTesteClinico, Equipamento_idEquipamento) values (1, 1);
insert into EquipamentoNecessario (TesteClinico_idTesteClinico, Equipamento_idEquipamento) values (2, 2);

insert into EquipamentoDisponivel (idEquipamentoDisponivel, Equipamento_idEquipamento, Clinica_idClinica) values (1, 1, 1);
insert into EquipamentoDisponivel (idEquipamentoDisponivel, Equipamento_idEquipamento, Clinica_idClinica) values (2, 1, 1);
insert into EquipamentoDisponivel (idEquipamentoDisponivel, Equipamento_idEquipamento, Clinica_idClinica) values (3, 2, 1);
insert into EquipamentoDisponivel (idEquipamentoDisponivel, Equipamento_idEquipamento, Clinica_idClinica) values (4, 2, 1);
insert into EquipamentoDisponivel (idEquipamentoDisponivel, Equipamento_idEquipamento, Clinica_idClinica) values (5, 1, 2);
insert into EquipamentoDisponivel (idEquipamentoDisponivel, Equipamento_idEquipamento, Clinica_idClinica) values (6, 2, 2);
insert into EquipamentoDisponivel (idEquipamentoDisponivel, Equipamento_idEquipamento, Clinica_idClinica) values (7, 1, 3);
insert into EquipamentoDisponivel (idEquipamentoDisponivel, Equipamento_idEquipamento, Clinica_idClinica) values (8, 1, 3);
insert into EquipamentoDisponivel (idEquipamentoDisponivel, Equipamento_idEquipamento, Clinica_idClinica) values (9, 2, 3);

insert into TCAgendado (idTCAgendado, TesteClinico_idTesteClinico, data, Atleta_idAtleta, Clinica_idClinica, Medico_idMedico) values (1, 10, '2022-04-18 05:41:50', 42, 1, 6);
insert into TCAgendado (idTCAgendado, TesteClinico_idTesteClinico, data, Atleta_idAtleta, Clinica_idClinica, Medico_idMedico) values (2, 5, '2020-12-26 00:45:31', 42, 1, 16);
insert into TCAgendado (idTCAgendado, TesteClinico_idTesteClinico, data, Atleta_idAtleta, Clinica_idClinica, Medico_idMedico) values (3, 9, '2022-12-12 05:29:32', 15, 3, 23);
insert into TCAgendado (idTCAgendado, TesteClinico_idTesteClinico, data, Atleta_idAtleta, Clinica_idClinica, Medico_idMedico) values (4, 2, '2020-12-08 21:12:31', 19, 1, 13);
insert into TCAgendado (idTCAgendado, TesteClinico_idTesteClinico, data, Atleta_idAtleta, Clinica_idClinica, Medico_idMedico) values (5, 4, '2021-11-20 04:49:41', 49, 1, 29);
insert into TCAgendado (idTCAgendado, TesteClinico_idTesteClinico, data, Atleta_idAtleta, Clinica_idClinica, Medico_idMedico) values (6, 7, '2020-04-07 11:09:09', 9, 3, 17);
insert into TCAgendado (idTCAgendado, TesteClinico_idTesteClinico, data, Atleta_idAtleta, Clinica_idClinica, Medico_idMedico) values (7, 9, '2021-09-21 02:13:26', 12, 3, 21);
insert into TCAgendado (idTCAgendado, TesteClinico_idTesteClinico, data, Atleta_idAtleta, Clinica_idClinica, Medico_idMedico) values (8, 7, '2020-04-06 16:56:32', 22, 2, 18);
insert into TCAgendado (idTCAgendado, TesteClinico_idTesteClinico, data, Atleta_idAtleta, Clinica_idClinica, Medico_idMedico) values (9, 11, '2021-04-29 07:35:55', 12, 3, 28);
insert into TCAgendado (idTCAgendado, TesteClinico_idTesteClinico, data, Atleta_idAtleta, Clinica_idClinica, Medico_idMedico) values (10, 9, '2021-04-06 04:34:30', 22, 1, 14);
insert into TCAgendado (idTCAgendado, TesteClinico_idTesteClinico, data, Atleta_idAtleta, Clinica_idClinica, Medico_idMedico) values (11, 1, '2022-12-04 01:43:33', 12, 3, 25);
insert into TCAgendado (idTCAgendado, TesteClinico_idTesteClinico, data, Atleta_idAtleta, Clinica_idClinica, Medico_idMedico) values (12, 7, '2022-10-02 04:02:05', 35, 3, 8);
insert into TCAgendado (idTCAgendado, TesteClinico_idTesteClinico, data, Atleta_idAtleta, Clinica_idClinica, Medico_idMedico) values (13, 9, '2022-01-09 13:52:25', 37, 3, 24);
insert into TCAgendado (idTCAgendado, TesteClinico_idTesteClinico, data, Atleta_idAtleta, Clinica_idClinica, Medico_idMedico) values (14, 9, '2021-02-26 21:06:36', 16, 2, 6);
insert into TCAgendado (idTCAgendado, TesteClinico_idTesteClinico, data, Atleta_idAtleta, Clinica_idClinica, Medico_idMedico) values (15, 3, '2021-03-24 07:32:01', 14, 3, 4);
insert into TCAgendado (idTCAgendado, TesteClinico_idTesteClinico, data, Atleta_idAtleta, Clinica_idClinica, Medico_idMedico) values (16, 11, '2020-04-18 03:03:23', 7, 3, 6);
insert into TCAgendado (idTCAgendado, TesteClinico_idTesteClinico, data, Atleta_idAtleta, Clinica_idClinica, Medico_idMedico) values (17, 7, '2021-12-26 07:12:25', 48, 1, 24);
insert into TCAgendado (idTCAgendado, TesteClinico_idTesteClinico, data, Atleta_idAtleta, Clinica_idClinica, Medico_idMedico) values (18, 3, '2021-10-27 12:47:08', 19, 2, 26);
insert into TCAgendado (idTCAgendado, TesteClinico_idTesteClinico, data, Atleta_idAtleta, Clinica_idClinica, Medico_idMedico) values (19, 2, '2021-09-28 21:35:01', 50, 1, 8);
insert into TCAgendado (idTCAgendado, TesteClinico_idTesteClinico, data, Atleta_idAtleta, Clinica_idClinica, Medico_idMedico) values (20, 8, '2020-05-01 09:22:53', 23, 1, 3);
insert into TCAgendado (idTCAgendado, TesteClinico_idTesteClinico, data, Atleta_idAtleta, Clinica_idClinica, Medico_idMedico) values (21, 4, '2021-03-23 08:54:04', 3, 2, 14);
insert into TCAgendado (idTCAgendado, TesteClinico_idTesteClinico, data, Atleta_idAtleta, Clinica_idClinica, Medico_idMedico) values (22, 8, '2020-02-02 19:56:30', 45, 1, 1);
insert into TCAgendado (idTCAgendado, TesteClinico_idTesteClinico, data, Atleta_idAtleta, Clinica_idClinica, Medico_idMedico) values (23, 9, '2020-07-27 17:27:20', 35, 2, 25);
insert into TCAgendado (idTCAgendado, TesteClinico_idTesteClinico, data, Atleta_idAtleta, Clinica_idClinica, Medico_idMedico) values (24, 2, '2020-02-12 18:25:43', 45, 2, 14);
insert into TCAgendado (idTCAgendado, TesteClinico_idTesteClinico, data, Atleta_idAtleta, Clinica_idClinica, Medico_idMedico) values (25, 4, '2021-08-21 01:25:33', 28, 2, 9);
insert into TCAgendado (idTCAgendado, TesteClinico_idTesteClinico, data, Atleta_idAtleta, Clinica_idClinica, Medico_idMedico) values (26, 7, '2021-03-24 08:49:26', 35, 1, 12);
insert into TCAgendado (idTCAgendado, TesteClinico_idTesteClinico, data, Atleta_idAtleta, Clinica_idClinica, Medico_idMedico) values (27, 2, '2022-10-07 16:28:35', 28, 2, 16);
insert into TCAgendado (idTCAgendado, TesteClinico_idTesteClinico, data, Atleta_idAtleta, Clinica_idClinica, Medico_idMedico) values (28, 10, '2022-05-17 14:52:01', 4, 2, 4);
insert into TCAgendado (idTCAgendado, TesteClinico_idTesteClinico, data, Atleta_idAtleta, Clinica_idClinica, Medico_idMedico) values (29, 4, '2020-10-04 20:37:59', 45, 1, 18);
insert into TCAgendado (idTCAgendado, TesteClinico_idTesteClinico, data, Atleta_idAtleta, Clinica_idClinica, Medico_idMedico) values (30, 7, '2021-09-07 20:00:14', 13, 3, 19);
insert into TCAgendado (idTCAgendado, TesteClinico_idTesteClinico, data, Atleta_idAtleta, Clinica_idClinica, Medico_idMedico) values (31, 2, '2022-05-19 05:11:23', 7, 3, 5);
insert into TCAgendado (idTCAgendado, TesteClinico_idTesteClinico, data, Atleta_idAtleta, Clinica_idClinica, Medico_idMedico) values (32, 11, '2022-12-30 23:42:30', 30, 2, 24);
insert into TCAgendado (idTCAgendado, TesteClinico_idTesteClinico, data, Atleta_idAtleta, Clinica_idClinica, Medico_idMedico) values (33, 7, '2022-06-04 05:51:48', 5, 3, 2);
insert into TCAgendado (idTCAgendado, TesteClinico_idTesteClinico, data, Atleta_idAtleta, Clinica_idClinica, Medico_idMedico) values (34, 2, '2022-12-27 14:51:26', 42, 3, 28);
insert into TCAgendado (idTCAgendado, TesteClinico_idTesteClinico, data, Atleta_idAtleta, Clinica_idClinica, Medico_idMedico) values (35, 7, '2022-03-02 18:27:15', 31, 2, 13);
insert into TCAgendado (idTCAgendado, TesteClinico_idTesteClinico, data, Atleta_idAtleta, Clinica_idClinica, Medico_idMedico) values (36, 7, '2021-05-23 06:35:34', 10, 1, 28);
insert into TCAgendado (idTCAgendado, TesteClinico_idTesteClinico, data, Atleta_idAtleta, Clinica_idClinica, Medico_idMedico) values (37, 9, '2022-05-07 07:40:34', 43, 2, 18);
insert into TCAgendado (idTCAgendado, TesteClinico_idTesteClinico, data, Atleta_idAtleta, Clinica_idClinica, Medico_idMedico) values (38, 1, '2021-01-10 17:23:38', 48, 1, 23);
insert into TCAgendado (idTCAgendado, TesteClinico_idTesteClinico, data, Atleta_idAtleta, Clinica_idClinica, Medico_idMedico) values (39, 6, '2021-01-11 18:10:02', 50, 3, 1);
insert into TCAgendado (idTCAgendado, TesteClinico_idTesteClinico, data, Atleta_idAtleta, Clinica_idClinica, Medico_idMedico) values (40, 11, '2022-09-11 06:40:39', 34, 3, 20);
insert into TCAgendado (idTCAgendado, TesteClinico_idTesteClinico, data, Atleta_idAtleta, Clinica_idClinica, Medico_idMedico) values (41, 2, '2020-04-10 09:33:08', 11, 2, 17);
insert into TCAgendado (idTCAgendado, TesteClinico_idTesteClinico, data, Atleta_idAtleta, Clinica_idClinica, Medico_idMedico) values (42, 3, '2022-04-03 18:52:04', 26, 3, 18);
insert into TCAgendado (idTCAgendado, TesteClinico_idTesteClinico, data, Atleta_idAtleta, Clinica_idClinica, Medico_idMedico) values (43, 5, '2020-04-22 00:10:29', 10, 1, 8);
insert into TCAgendado (idTCAgendado, TesteClinico_idTesteClinico, data, Atleta_idAtleta, Clinica_idClinica, Medico_idMedico) values (44, 8, '2021-12-09 16:24:49', 1, 3, 26);
insert into TCAgendado (idTCAgendado, TesteClinico_idTesteClinico, data, Atleta_idAtleta, Clinica_idClinica, Medico_idMedico) values (45, 11, '2022-12-23 12:57:19', 18, 1, 25);
insert into TCAgendado (idTCAgendado, TesteClinico_idTesteClinico, data, Atleta_idAtleta, Clinica_idClinica, Medico_idMedico) values (46, 8, '2021-09-17 01:23:56', 49, 3, 27);
insert into TCAgendado (idTCAgendado, TesteClinico_idTesteClinico, data, Atleta_idAtleta, Clinica_idClinica, Medico_idMedico) values (47, 3, '2021-12-02 00:17:05', 20, 3, 3);
insert into TCAgendado (idTCAgendado, TesteClinico_idTesteClinico, data, Atleta_idAtleta, Clinica_idClinica, Medico_idMedico) values (48, 9, '2020-09-01 06:57:54', 34, 3, 19);
insert into TCAgendado (idTCAgendado, TesteClinico_idTesteClinico, data, Atleta_idAtleta, Clinica_idClinica, Medico_idMedico) values (49, 4, '2022-02-12 20:01:43', 50, 2, 7);
insert into TCAgendado (idTCAgendado, TesteClinico_idTesteClinico, data, Atleta_idAtleta, Clinica_idClinica, Medico_idMedico) values (50, 9, '2021-02-21 07:46:33', 12, 3, 27);
insert into TCAgendado (idTCAgendado, TesteClinico_idTesteClinico, data, Atleta_idAtleta, Clinica_idClinica, Medico_idMedico) values (51, 4, '2022-04-25 11:46:09', 33, 1, 30);
insert into TCAgendado (idTCAgendado, TesteClinico_idTesteClinico, data, Atleta_idAtleta, Clinica_idClinica, Medico_idMedico) values (52, 11, '2022-07-08 15:19:24', 39, 1, 28);
insert into TCAgendado (idTCAgendado, TesteClinico_idTesteClinico, data, Atleta_idAtleta, Clinica_idClinica, Medico_idMedico) values (53, 5, '2022-09-12 05:44:21', 30, 1, 27);
insert into TCAgendado (idTCAgendado, TesteClinico_idTesteClinico, data, Atleta_idAtleta, Clinica_idClinica, Medico_idMedico) values (54, 3, '2020-04-13 12:24:02', 47, 1, 30);
insert into TCAgendado (idTCAgendado, TesteClinico_idTesteClinico, data, Atleta_idAtleta, Clinica_idClinica, Medico_idMedico) values (55, 9, '2022-02-07 12:59:48', 42, 2, 13);
insert into TCAgendado (idTCAgendado, TesteClinico_idTesteClinico, data, Atleta_idAtleta, Clinica_idClinica, Medico_idMedico) values (56, 10, '2020-04-11 06:59:36', 18, 2, 19);
insert into TCAgendado (idTCAgendado, TesteClinico_idTesteClinico, data, Atleta_idAtleta, Clinica_idClinica, Medico_idMedico) values (57, 11, '2022-01-16 22:32:24', 17, 3, 28);
insert into TCAgendado (idTCAgendado, TesteClinico_idTesteClinico, data, Atleta_idAtleta, Clinica_idClinica, Medico_idMedico) values (58, 7, '2022-12-29 11:32:51', 42, 2, 9);
insert into TCAgendado (idTCAgendado, TesteClinico_idTesteClinico, data, Atleta_idAtleta, Clinica_idClinica, Medico_idMedico) values (59, 4, '2021-03-25 19:06:45', 46, 3, 15);
insert into TCAgendado (idTCAgendado, TesteClinico_idTesteClinico, data, Atleta_idAtleta, Clinica_idClinica, Medico_idMedico) values (60, 1, '2021-09-27 07:05:41', 25, 3, 4);
insert into TCAgendado (idTCAgendado, TesteClinico_idTesteClinico, data, Atleta_idAtleta, Clinica_idClinica, Medico_idMedico) values (61, 5, '2020-07-03 18:17:58', 5, 2, 17);
insert into TCAgendado (idTCAgendado, TesteClinico_idTesteClinico, data, Atleta_idAtleta, Clinica_idClinica, Medico_idMedico) values (62, 3, '2020-09-21 10:32:05', 16, 1, 21);
insert into TCAgendado (idTCAgendado, TesteClinico_idTesteClinico, data, Atleta_idAtleta, Clinica_idClinica, Medico_idMedico) values (63, 5, '2022-03-08 06:10:11', 5, 2, 10);
insert into TCAgendado (idTCAgendado, TesteClinico_idTesteClinico, data, Atleta_idAtleta, Clinica_idClinica, Medico_idMedico) values (64, 8, '2022-08-16 04:08:21', 29, 2, 6);
insert into TCAgendado (idTCAgendado, TesteClinico_idTesteClinico, data, Atleta_idAtleta, Clinica_idClinica, Medico_idMedico) values (65, 4, '2020-03-06 15:11:42', 28, 1, 1);
insert into TCAgendado (idTCAgendado, TesteClinico_idTesteClinico, data, Atleta_idAtleta, Clinica_idClinica, Medico_idMedico) values (66, 4, '2021-03-27 04:57:54', 49, 3, 17);
insert into TCAgendado (idTCAgendado, TesteClinico_idTesteClinico, data, Atleta_idAtleta, Clinica_idClinica, Medico_idMedico) values (67, 10, '2020-08-04 21:56:34', 38, 1, 25);
insert into TCAgendado (idTCAgendado, TesteClinico_idTesteClinico, data, Atleta_idAtleta, Clinica_idClinica, Medico_idMedico) values (68, 8, '2020-06-07 10:08:40', 45, 2, 26);
insert into TCAgendado (idTCAgendado, TesteClinico_idTesteClinico, data, Atleta_idAtleta, Clinica_idClinica, Medico_idMedico) values (69, 7, '2020-11-29 10:42:44', 37, 2, 26);
insert into TCAgendado (idTCAgendado, TesteClinico_idTesteClinico, data, Atleta_idAtleta, Clinica_idClinica, Medico_idMedico) values (70, 2, '2020-04-25 17:31:03', 41, 1, 6);
insert into TCAgendado (idTCAgendado, TesteClinico_idTesteClinico, data, Atleta_idAtleta, Clinica_idClinica, Medico_idMedico) values (71, 9, '2020-03-15 08:41:44', 16, 1, 2);
insert into TCAgendado (idTCAgendado, TesteClinico_idTesteClinico, data, Atleta_idAtleta, Clinica_idClinica, Medico_idMedico) values (72, 1, '2021-12-06 14:01:28', 3, 2, 29);
insert into TCAgendado (idTCAgendado, TesteClinico_idTesteClinico, data, Atleta_idAtleta, Clinica_idClinica, Medico_idMedico) values (73, 11, '2022-06-24 15:11:26', 49, 1, 8);
insert into TCAgendado (idTCAgendado, TesteClinico_idTesteClinico, data, Atleta_idAtleta, Clinica_idClinica, Medico_idMedico) values (74, 8, '2022-05-17 15:38:38', 12, 2, 29);
insert into TCAgendado (idTCAgendado, TesteClinico_idTesteClinico, data, Atleta_idAtleta, Clinica_idClinica, Medico_idMedico) values (75, 3, '2021-05-14 17:33:07', 20, 1, 5);
insert into TCAgendado (idTCAgendado, TesteClinico_idTesteClinico, data, Atleta_idAtleta, Clinica_idClinica, Medico_idMedico) values (76, 2, '2022-12-28 11:06:00', 28, 1, 4);
insert into TCAgendado (idTCAgendado, TesteClinico_idTesteClinico, data, Atleta_idAtleta, Clinica_idClinica, Medico_idMedico) values (77, 9, '2021-05-21 21:00:53', 45, 3, 7);
insert into TCAgendado (idTCAgendado, TesteClinico_idTesteClinico, data, Atleta_idAtleta, Clinica_idClinica, Medico_idMedico) values (78, 9, '2020-08-31 10:49:42', 41, 2, 7);
insert into TCAgendado (idTCAgendado, TesteClinico_idTesteClinico, data, Atleta_idAtleta, Clinica_idClinica, Medico_idMedico) values (79, 4, '2021-05-25 16:29:01', 44, 3, 22);
insert into TCAgendado (idTCAgendado, TesteClinico_idTesteClinico, data, Atleta_idAtleta, Clinica_idClinica, Medico_idMedico) values (80, 10, '2021-08-15 00:24:50', 37, 2, 22);
insert into TCAgendado (idTCAgendado, TesteClinico_idTesteClinico, data, Atleta_idAtleta, Clinica_idClinica, Medico_idMedico) values (81, 2, '2022-12-16 12:02:47', 41, 1, 1);
insert into TCAgendado (idTCAgendado, TesteClinico_idTesteClinico, data, Atleta_idAtleta, Clinica_idClinica, Medico_idMedico) values (82, 3, '2020-09-14 03:15:19', 43, 1, 12);
insert into TCAgendado (idTCAgendado, TesteClinico_idTesteClinico, data, Atleta_idAtleta, Clinica_idClinica, Medico_idMedico) values (83, 9, '2021-03-11 22:18:41', 36, 2, 21);
insert into TCAgendado (idTCAgendado, TesteClinico_idTesteClinico, data, Atleta_idAtleta, Clinica_idClinica, Medico_idMedico) values (84, 11, '2021-06-14 01:05:06', 13, 3, 22);
insert into TCAgendado (idTCAgendado, TesteClinico_idTesteClinico, data, Atleta_idAtleta, Clinica_idClinica, Medico_idMedico) values (85, 4, '2022-10-02 22:44:43', 27, 1, 29);
insert into TCAgendado (idTCAgendado, TesteClinico_idTesteClinico, data, Atleta_idAtleta, Clinica_idClinica, Medico_idMedico) values (86, 1, '2022-06-18 16:26:20', 7, 1, 30);
insert into TCAgendado (idTCAgendado, TesteClinico_idTesteClinico, data, Atleta_idAtleta, Clinica_idClinica, Medico_idMedico) values (87, 1, '2021-08-25 19:21:25', 14, 2, 29);
insert into TCAgendado (idTCAgendado, TesteClinico_idTesteClinico, data, Atleta_idAtleta, Clinica_idClinica, Medico_idMedico) values (88, 7, '2021-02-25 22:58:29', 14, 2, 5);
insert into TCAgendado (idTCAgendado, TesteClinico_idTesteClinico, data, Atleta_idAtleta, Clinica_idClinica, Medico_idMedico) values (89, 3, '2020-12-17 06:03:01', 25, 2, 27);
insert into TCAgendado (idTCAgendado, TesteClinico_idTesteClinico, data, Atleta_idAtleta, Clinica_idClinica, Medico_idMedico) values (90, 5, '2022-07-11 22:27:25', 36, 2, 15);
insert into TCAgendado (idTCAgendado, TesteClinico_idTesteClinico, data, Atleta_idAtleta, Clinica_idClinica, Medico_idMedico) values (91, 4, '2022-12-26 19:48:49', 19, 2, 5);
insert into TCAgendado (idTCAgendado, TesteClinico_idTesteClinico, data, Atleta_idAtleta, Clinica_idClinica, Medico_idMedico) values (92, 10, '2020-02-14 15:13:08', 12, 1, 10);
insert into TCAgendado (idTCAgendado, TesteClinico_idTesteClinico, data, Atleta_idAtleta, Clinica_idClinica, Medico_idMedico) values (93, 8, '2021-05-17 07:44:47', 13, 2, 16);
insert into TCAgendado (idTCAgendado, TesteClinico_idTesteClinico, data, Atleta_idAtleta, Clinica_idClinica, Medico_idMedico) values (94, 7, '2021-06-02 08:45:25', 27, 2, 17);
insert into TCAgendado (idTCAgendado, TesteClinico_idTesteClinico, data, Atleta_idAtleta, Clinica_idClinica, Medico_idMedico) values (95, 2, '2021-02-10 03:51:44', 11, 2, 30);
insert into TCAgendado (idTCAgendado, TesteClinico_idTesteClinico, data, Atleta_idAtleta, Clinica_idClinica, Medico_idMedico) values (96, 3, '2022-09-01 16:31:36', 18, 1, 15);
insert into TCAgendado (idTCAgendado, TesteClinico_idTesteClinico, data, Atleta_idAtleta, Clinica_idClinica, Medico_idMedico) values (97, 2, '2020-01-01 13:41:49', 14, 2, 20);
insert into TCAgendado (idTCAgendado, TesteClinico_idTesteClinico, data, Atleta_idAtleta, Clinica_idClinica, Medico_idMedico) values (98, 3, '2021-05-25 01:44:57', 37, 3, 29);
insert into TCAgendado (idTCAgendado, TesteClinico_idTesteClinico, data, Atleta_idAtleta, Clinica_idClinica, Medico_idMedico) values (99, 9, '2022-09-13 13:44:31', 36, 3, 11);
insert into TCAgendado (idTCAgendado, TesteClinico_idTesteClinico, data, Atleta_idAtleta, Clinica_idClinica, Medico_idMedico) values (100, 1, '2020-01-31 06:42:57', 5, 1, 18);


insert into TCRealizado (idTCRealizado, TesteClinico_idTesteClinico, data, Atleta_idAtleta, Clinica_idClinica, Medico_idMedico) values (1, 2, '2019-04-23 23:12:07', 17, 3, 3);
insert into TCRealizado (idTCRealizado, TesteClinico_idTesteClinico, data, Atleta_idAtleta, Clinica_idClinica, Medico_idMedico) values (2, 4, '2019-08-20 21:54:45', 8, 2, 30);
insert into TCRealizado (idTCRealizado, TesteClinico_idTesteClinico, data, Atleta_idAtleta, Clinica_idClinica, Medico_idMedico) values (3, 8, '2016-12-05 08:02:58', 40, 3, 13);
insert into TCRealizado (idTCRealizado, TesteClinico_idTesteClinico, data, Atleta_idAtleta, Clinica_idClinica, Medico_idMedico) values (4, 3, '2016-08-11 08:53:52', 13, 1, 25);
insert into TCRealizado (idTCRealizado, TesteClinico_idTesteClinico, data, Atleta_idAtleta, Clinica_idClinica, Medico_idMedico) values (5, 3, '2016-05-04 23:23:05', 33, 2, 8);
insert into TCRealizado (idTCRealizado, TesteClinico_idTesteClinico, data, Atleta_idAtleta, Clinica_idClinica, Medico_idMedico) values (6, 1, '2016-10-10 14:15:39', 40, 1, 25);
insert into TCRealizado (idTCRealizado, TesteClinico_idTesteClinico, data, Atleta_idAtleta, Clinica_idClinica, Medico_idMedico) values (7, 8, '2019-08-22 05:04:32', 47, 2, 8);
insert into TCRealizado (idTCRealizado, TesteClinico_idTesteClinico, data, Atleta_idAtleta, Clinica_idClinica, Medico_idMedico) values (8, 5, '2016-04-14 12:59:51', 36, 3, 29);
insert into TCRealizado (idTCRealizado, TesteClinico_idTesteClinico, data, Atleta_idAtleta, Clinica_idClinica, Medico_idMedico) values (9, 10, '2015-03-31 18:50:07', 29, 3, 13);
insert into TCRealizado (idTCRealizado, TesteClinico_idTesteClinico, data, Atleta_idAtleta, Clinica_idClinica, Medico_idMedico) values (10, 3, '2017-02-26 19:37:01', 7, 2, 11);
insert into TCRealizado (idTCRealizado, TesteClinico_idTesteClinico, data, Atleta_idAtleta, Clinica_idClinica, Medico_idMedico) values (11, 10, '2018-05-30 15:12:34', 35, 3, 14);
insert into TCRealizado (idTCRealizado, TesteClinico_idTesteClinico, data, Atleta_idAtleta, Clinica_idClinica, Medico_idMedico) values (12, 6, '2016-01-10 16:43:16', 1, 2, 27);
insert into TCRealizado (idTCRealizado, TesteClinico_idTesteClinico, data, Atleta_idAtleta, Clinica_idClinica, Medico_idMedico) values (13, 9, '2018-06-20 21:06:51', 21, 2, 14);
insert into TCRealizado (idTCRealizado, TesteClinico_idTesteClinico, data, Atleta_idAtleta, Clinica_idClinica, Medico_idMedico) values (14, 9, '2017-04-02 01:39:36', 19, 2, 24);
insert into TCRealizado (idTCRealizado, TesteClinico_idTesteClinico, data, Atleta_idAtleta, Clinica_idClinica, Medico_idMedico) values (15, 6, '2015-05-04 09:11:21', 17, 3, 28);
insert into TCRealizado (idTCRealizado, TesteClinico_idTesteClinico, data, Atleta_idAtleta, Clinica_idClinica, Medico_idMedico) values (16, 5, '2019-01-15 21:53:41', 2, 1, 28);
insert into TCRealizado (idTCRealizado, TesteClinico_idTesteClinico, data, Atleta_idAtleta, Clinica_idClinica, Medico_idMedico) values (17, 10, '2019-07-26 22:24:25', 21, 2, 2);
insert into TCRealizado (idTCRealizado, TesteClinico_idTesteClinico, data, Atleta_idAtleta, Clinica_idClinica, Medico_idMedico) values (18, 1, '2018-01-15 18:23:46', 45, 3, 4);
insert into TCRealizado (idTCRealizado, TesteClinico_idTesteClinico, data, Atleta_idAtleta, Clinica_idClinica, Medico_idMedico) values (19, 4, '2015-05-30 04:04:24', 45, 3, 4);
insert into TCRealizado (idTCRealizado, TesteClinico_idTesteClinico, data, Atleta_idAtleta, Clinica_idClinica, Medico_idMedico) values (20, 2, '2018-05-25 07:27:44', 2, 3, 18);
insert into TCRealizado (idTCRealizado, TesteClinico_idTesteClinico, data, Atleta_idAtleta, Clinica_idClinica, Medico_idMedico) values (21, 2, '2019-06-12 06:29:34', 12, 2, 19);
insert into TCRealizado (idTCRealizado, TesteClinico_idTesteClinico, data, Atleta_idAtleta, Clinica_idClinica, Medico_idMedico) values (22, 3, '2016-10-31 14:31:44', 41, 2, 18);
insert into TCRealizado (idTCRealizado, TesteClinico_idTesteClinico, data, Atleta_idAtleta, Clinica_idClinica, Medico_idMedico) values (23, 10, '2016-09-24 19:13:09', 46, 3, 11);
insert into TCRealizado (idTCRealizado, TesteClinico_idTesteClinico, data, Atleta_idAtleta, Clinica_idClinica, Medico_idMedico) values (24, 10, '2017-01-22 02:42:13', 15, 2, 20);
insert into TCRealizado (idTCRealizado, TesteClinico_idTesteClinico, data, Atleta_idAtleta, Clinica_idClinica, Medico_idMedico) values (25, 10, '2016-03-13 16:33:11', 44, 1, 7);
insert into TCRealizado (idTCRealizado, TesteClinico_idTesteClinico, data, Atleta_idAtleta, Clinica_idClinica, Medico_idMedico) values (26, 1, '2018-05-22 12:17:40', 11, 2, 21);
insert into TCRealizado (idTCRealizado, TesteClinico_idTesteClinico, data, Atleta_idAtleta, Clinica_idClinica, Medico_idMedico) values (27, 4, '2017-11-15 16:08:34', 25, 3, 15);
insert into TCRealizado (idTCRealizado, TesteClinico_idTesteClinico, data, Atleta_idAtleta, Clinica_idClinica, Medico_idMedico) values (28, 2, '2017-05-04 01:28:28', 7, 2, 2);
insert into TCRealizado (idTCRealizado, TesteClinico_idTesteClinico, data, Atleta_idAtleta, Clinica_idClinica, Medico_idMedico) values (29, 2, '2017-12-23 15:27:36', 29, 2, 2);
insert into TCRealizado (idTCRealizado, TesteClinico_idTesteClinico, data, Atleta_idAtleta, Clinica_idClinica, Medico_idMedico) values (30, 7, '2019-11-25 13:45:42', 38, 1, 1);
insert into TCRealizado (idTCRealizado, TesteClinico_idTesteClinico, data, Atleta_idAtleta, Clinica_idClinica, Medico_idMedico) values (31, 7, '2019-08-10 11:09:48', 48, 3, 14);
insert into TCRealizado (idTCRealizado, TesteClinico_idTesteClinico, data, Atleta_idAtleta, Clinica_idClinica, Medico_idMedico) values (32, 11, '2019-07-19 07:40:00', 28, 2, 20);
insert into TCRealizado (idTCRealizado, TesteClinico_idTesteClinico, data, Atleta_idAtleta, Clinica_idClinica, Medico_idMedico) values (33, 2, '2019-12-14 14:38:34', 10, 1, 20);
insert into TCRealizado (idTCRealizado, TesteClinico_idTesteClinico, data, Atleta_idAtleta, Clinica_idClinica, Medico_idMedico) values (34, 3, '2017-02-15 03:20:49', 32, 3, 29);
insert into TCRealizado (idTCRealizado, TesteClinico_idTesteClinico, data, Atleta_idAtleta, Clinica_idClinica, Medico_idMedico) values (35, 4, '2018-03-14 08:04:30', 27, 2, 7);
insert into TCRealizado (idTCRealizado, TesteClinico_idTesteClinico, data, Atleta_idAtleta, Clinica_idClinica, Medico_idMedico) values (36, 6, '2019-02-20 01:01:37', 29, 1, 10);
insert into TCRealizado (idTCRealizado, TesteClinico_idTesteClinico, data, Atleta_idAtleta, Clinica_idClinica, Medico_idMedico) values (37, 5, '2017-01-23 03:01:48', 6, 2, 13);
insert into TCRealizado (idTCRealizado, TesteClinico_idTesteClinico, data, Atleta_idAtleta, Clinica_idClinica, Medico_idMedico) values (38, 1, '2019-05-13 06:38:20', 29, 1, 23);
insert into TCRealizado (idTCRealizado, TesteClinico_idTesteClinico, data, Atleta_idAtleta, Clinica_idClinica, Medico_idMedico) values (39, 8, '2016-07-17 13:46:02', 27, 1, 16);
insert into TCRealizado (idTCRealizado, TesteClinico_idTesteClinico, data, Atleta_idAtleta, Clinica_idClinica, Medico_idMedico) values (40, 10, '2019-09-30 20:31:48', 41, 1, 29);
insert into TCRealizado (idTCRealizado, TesteClinico_idTesteClinico, data, Atleta_idAtleta, Clinica_idClinica, Medico_idMedico) values (41, 6, '2015-01-13 03:32:17', 19, 3, 18);
insert into TCRealizado (idTCRealizado, TesteClinico_idTesteClinico, data, Atleta_idAtleta, Clinica_idClinica, Medico_idMedico) values (42, 10, '2018-04-23 01:46:00', 4, 3, 29);
insert into TCRealizado (idTCRealizado, TesteClinico_idTesteClinico, data, Atleta_idAtleta, Clinica_idClinica, Medico_idMedico) values (43, 9, '2018-10-23 02:05:29', 44, 2, 9);
insert into TCRealizado (idTCRealizado, TesteClinico_idTesteClinico, data, Atleta_idAtleta, Clinica_idClinica, Medico_idMedico) values (44, 1, '2015-09-03 06:41:44', 12, 2, 19);
insert into TCRealizado (idTCRealizado, TesteClinico_idTesteClinico, data, Atleta_idAtleta, Clinica_idClinica, Medico_idMedico) values (45, 9, '2018-05-15 06:18:40', 18, 3, 21);
insert into TCRealizado (idTCRealizado, TesteClinico_idTesteClinico, data, Atleta_idAtleta, Clinica_idClinica, Medico_idMedico) values (46, 6, '2017-05-12 09:49:55', 45, 1, 19);
insert into TCRealizado (idTCRealizado, TesteClinico_idTesteClinico, data, Atleta_idAtleta, Clinica_idClinica, Medico_idMedico) values (47, 9, '2018-03-28 16:35:34', 7, 2, 6);
insert into TCRealizado (idTCRealizado, TesteClinico_idTesteClinico, data, Atleta_idAtleta, Clinica_idClinica, Medico_idMedico) values (48, 9, '2017-06-17 18:41:43', 45, 2, 24);
insert into TCRealizado (idTCRealizado, TesteClinico_idTesteClinico, data, Atleta_idAtleta, Clinica_idClinica, Medico_idMedico) values (49, 5, '2017-10-04 08:00:22', 28, 1, 1);
insert into TCRealizado (idTCRealizado, TesteClinico_idTesteClinico, data, Atleta_idAtleta, Clinica_idClinica, Medico_idMedico) values (50, 5, '2019-02-14 20:56:00', 25, 3, 10);
insert into TCRealizado (idTCRealizado, TesteClinico_idTesteClinico, data, Atleta_idAtleta, Clinica_idClinica, Medico_idMedico) values (51, 6, '2016-02-22 21:33:38', 28, 2, 4);
insert into TCRealizado (idTCRealizado, TesteClinico_idTesteClinico, data, Atleta_idAtleta, Clinica_idClinica, Medico_idMedico) values (52, 10, '2016-02-29 20:56:52', 36, 3, 7);
insert into TCRealizado (idTCRealizado, TesteClinico_idTesteClinico, data, Atleta_idAtleta, Clinica_idClinica, Medico_idMedico) values (53, 9, '2019-07-04 14:48:45', 40, 3, 3);
insert into TCRealizado (idTCRealizado, TesteClinico_idTesteClinico, data, Atleta_idAtleta, Clinica_idClinica, Medico_idMedico) values (54, 11, '2016-06-11 14:20:41', 7, 1, 24);
insert into TCRealizado (idTCRealizado, TesteClinico_idTesteClinico, data, Atleta_idAtleta, Clinica_idClinica, Medico_idMedico) values (55, 2, '2018-10-18 04:49:17', 3, 1, 8);
insert into TCRealizado (idTCRealizado, TesteClinico_idTesteClinico, data, Atleta_idAtleta, Clinica_idClinica, Medico_idMedico) values (56, 5, '2017-09-09 10:32:17', 3, 3, 24);
insert into TCRealizado (idTCRealizado, TesteClinico_idTesteClinico, data, Atleta_idAtleta, Clinica_idClinica, Medico_idMedico) values (57, 9, '2018-04-08 07:57:01', 38, 1, 6);
insert into TCRealizado (idTCRealizado, TesteClinico_idTesteClinico, data, Atleta_idAtleta, Clinica_idClinica, Medico_idMedico) values (58, 11, '2017-05-14 05:26:36', 23, 2, 18);
insert into TCRealizado (idTCRealizado, TesteClinico_idTesteClinico, data, Atleta_idAtleta, Clinica_idClinica, Medico_idMedico) values (59, 2, '2019-10-31 07:09:43', 28, 1, 6);
insert into TCRealizado (idTCRealizado, TesteClinico_idTesteClinico, data, Atleta_idAtleta, Clinica_idClinica, Medico_idMedico) values (60, 7, '2018-03-02 07:44:51', 45, 3, 8);
insert into TCRealizado (idTCRealizado, TesteClinico_idTesteClinico, data, Atleta_idAtleta, Clinica_idClinica, Medico_idMedico) values (61, 3, '2015-08-17 08:03:34', 38, 2, 30);
insert into TCRealizado (idTCRealizado, TesteClinico_idTesteClinico, data, Atleta_idAtleta, Clinica_idClinica, Medico_idMedico) values (62, 10, '2017-12-17 15:20:00', 40, 1, 29);
insert into TCRealizado (idTCRealizado, TesteClinico_idTesteClinico, data, Atleta_idAtleta, Clinica_idClinica, Medico_idMedico) values (63, 8, '2019-07-12 09:35:33', 29, 3, 14);
insert into TCRealizado (idTCRealizado, TesteClinico_idTesteClinico, data, Atleta_idAtleta, Clinica_idClinica, Medico_idMedico) values (64, 3, '2016-10-31 08:06:10', 50, 3, 24);
insert into TCRealizado (idTCRealizado, TesteClinico_idTesteClinico, data, Atleta_idAtleta, Clinica_idClinica, Medico_idMedico) values (65, 5, '2015-07-22 16:33:56', 32, 3, 8);
insert into TCRealizado (idTCRealizado, TesteClinico_idTesteClinico, data, Atleta_idAtleta, Clinica_idClinica, Medico_idMedico) values (66, 4, '2015-11-20 15:56:42', 18, 2, 26);
insert into TCRealizado (idTCRealizado, TesteClinico_idTesteClinico, data, Atleta_idAtleta, Clinica_idClinica, Medico_idMedico) values (67, 1, '2017-08-20 01:43:26', 32, 2, 10);
insert into TCRealizado (idTCRealizado, TesteClinico_idTesteClinico, data, Atleta_idAtleta, Clinica_idClinica, Medico_idMedico) values (68, 2, '2019-05-04 01:26:38', 3, 1, 2);
insert into TCRealizado (idTCRealizado, TesteClinico_idTesteClinico, data, Atleta_idAtleta, Clinica_idClinica, Medico_idMedico) values (69, 6, '2016-08-07 09:27:13', 48, 2, 3);
insert into TCRealizado (idTCRealizado, TesteClinico_idTesteClinico, data, Atleta_idAtleta, Clinica_idClinica, Medico_idMedico) values (70, 8, '2018-04-21 06:49:14', 7, 3, 15);
insert into TCRealizado (idTCRealizado, TesteClinico_idTesteClinico, data, Atleta_idAtleta, Clinica_idClinica, Medico_idMedico) values (71, 8, '2016-07-26 03:21:05', 4, 2, 17);
insert into TCRealizado (idTCRealizado, TesteClinico_idTesteClinico, data, Atleta_idAtleta, Clinica_idClinica, Medico_idMedico) values (72, 4, '2019-09-30 02:02:59', 49, 1, 20);
insert into TCRealizado (idTCRealizado, TesteClinico_idTesteClinico, data, Atleta_idAtleta, Clinica_idClinica, Medico_idMedico) values (73, 11, '2017-05-09 02:57:25', 32, 2, 24);
insert into TCRealizado (idTCRealizado, TesteClinico_idTesteClinico, data, Atleta_idAtleta, Clinica_idClinica, Medico_idMedico) values (74, 3, '2017-12-31 13:21:12', 33, 2, 12);
insert into TCRealizado (idTCRealizado, TesteClinico_idTesteClinico, data, Atleta_idAtleta, Clinica_idClinica, Medico_idMedico) values (75, 5, '2019-02-03 04:10:21', 40, 3, 27);
insert into TCRealizado (idTCRealizado, TesteClinico_idTesteClinico, data, Atleta_idAtleta, Clinica_idClinica, Medico_idMedico) values (76, 7, '2015-08-27 01:06:07', 13, 1, 22);
insert into TCRealizado (idTCRealizado, TesteClinico_idTesteClinico, data, Atleta_idAtleta, Clinica_idClinica, Medico_idMedico) values (77, 11, '2019-10-24 21:32:57', 8, 3, 23);
insert into TCRealizado (idTCRealizado, TesteClinico_idTesteClinico, data, Atleta_idAtleta, Clinica_idClinica, Medico_idMedico) values (78, 1, '2019-12-30 20:46:17', 19, 3, 22);
insert into TCRealizado (idTCRealizado, TesteClinico_idTesteClinico, data, Atleta_idAtleta, Clinica_idClinica, Medico_idMedico) values (79, 7, '2015-11-19 15:08:05', 37, 2, 5);
insert into TCRealizado (idTCRealizado, TesteClinico_idTesteClinico, data, Atleta_idAtleta, Clinica_idClinica, Medico_idMedico) values (80, 4, '2019-11-30 13:35:16', 19, 1, 25);
insert into TCRealizado (idTCRealizado, TesteClinico_idTesteClinico, data, Atleta_idAtleta, Clinica_idClinica, Medico_idMedico) values (81, 10, '2015-08-25 19:07:34', 4, 1, 24);
insert into TCRealizado (idTCRealizado, TesteClinico_idTesteClinico, data, Atleta_idAtleta, Clinica_idClinica, Medico_idMedico) values (82, 3, '2017-07-24 15:14:15', 28, 1, 30);
insert into TCRealizado (idTCRealizado, TesteClinico_idTesteClinico, data, Atleta_idAtleta, Clinica_idClinica, Medico_idMedico) values (83, 2, '2015-06-22 07:03:54', 11, 3, 15);
insert into TCRealizado (idTCRealizado, TesteClinico_idTesteClinico, data, Atleta_idAtleta, Clinica_idClinica, Medico_idMedico) values (84, 5, '2015-10-03 19:43:13', 39, 3, 26);
insert into TCRealizado (idTCRealizado, TesteClinico_idTesteClinico, data, Atleta_idAtleta, Clinica_idClinica, Medico_idMedico) values (85, 11, '2016-09-24 06:04:21', 18, 1, 20);
insert into TCRealizado (idTCRealizado, TesteClinico_idTesteClinico, data, Atleta_idAtleta, Clinica_idClinica, Medico_idMedico) values (86, 7, '2019-08-29 06:05:09', 45, 2, 26);
insert into TCRealizado (idTCRealizado, TesteClinico_idTesteClinico, data, Atleta_idAtleta, Clinica_idClinica, Medico_idMedico) values (87, 4, '2017-02-15 11:32:50', 30, 2, 2);
insert into TCRealizado (idTCRealizado, TesteClinico_idTesteClinico, data, Atleta_idAtleta, Clinica_idClinica, Medico_idMedico) values (88, 8, '2016-03-30 03:42:06', 10, 1, 17);
insert into TCRealizado (idTCRealizado, TesteClinico_idTesteClinico, data, Atleta_idAtleta, Clinica_idClinica, Medico_idMedico) values (89, 3, '2018-05-24 23:57:47', 35, 2, 5);
insert into TCRealizado (idTCRealizado, TesteClinico_idTesteClinico, data, Atleta_idAtleta, Clinica_idClinica, Medico_idMedico) values (90, 7, '2019-01-08 09:55:21', 41, 2, 5);
insert into TCRealizado (idTCRealizado, TesteClinico_idTesteClinico, data, Atleta_idAtleta, Clinica_idClinica, Medico_idMedico) values (91, 9, '2019-12-23 19:38:17', 15, 3, 4);
insert into TCRealizado (idTCRealizado, TesteClinico_idTesteClinico, data, Atleta_idAtleta, Clinica_idClinica, Medico_idMedico) values (92, 7, '2017-09-04 01:51:17', 30, 2, 1);
insert into TCRealizado (idTCRealizado, TesteClinico_idTesteClinico, data, Atleta_idAtleta, Clinica_idClinica, Medico_idMedico) values (93, 1, '2017-09-24 01:59:49', 15, 1, 9);
insert into TCRealizado (idTCRealizado, TesteClinico_idTesteClinico, data, Atleta_idAtleta, Clinica_idClinica, Medico_idMedico) values (94, 4, '2015-06-05 21:18:34', 11, 1, 9);
insert into TCRealizado (idTCRealizado, TesteClinico_idTesteClinico, data, Atleta_idAtleta, Clinica_idClinica, Medico_idMedico) values (95, 9, '2016-05-11 03:10:18', 9, 1, 14);
insert into TCRealizado (idTCRealizado, TesteClinico_idTesteClinico, data, Atleta_idAtleta, Clinica_idClinica, Medico_idMedico) values (96, 10, '2017-04-12 09:41:22', 31, 2, 20);
insert into TCRealizado (idTCRealizado, TesteClinico_idTesteClinico, data, Atleta_idAtleta, Clinica_idClinica, Medico_idMedico) values (97, 10, '2018-07-16 10:42:35', 34, 2, 11);
insert into TCRealizado (idTCRealizado, TesteClinico_idTesteClinico, data, Atleta_idAtleta, Clinica_idClinica, Medico_idMedico) values (98, 4, '2015-05-03 06:16:59', 49, 2, 30);
insert into TCRealizado (idTCRealizado, TesteClinico_idTesteClinico, data, Atleta_idAtleta, Clinica_idClinica, Medico_idMedico) values (99, 3, '2016-11-10 16:01:20', 34, 3, 19);
insert into TCRealizado (idTCRealizado, TesteClinico_idTesteClinico, data, Atleta_idAtleta, Clinica_idClinica, Medico_idMedico) values (100, 7, '2019-08-26 07:04:39', 33, 3, 28);

insert into EquipamentoUtilizado (EquipamentoDisponivel_idEquipamentoDisponivel, TCRealizado_idTCRealizado) values (9, 1);
insert into EquipamentoUtilizado (EquipamentoDisponivel_idEquipamentoDisponivel, TCRealizado_idTCRealizado) values (9, 20);
insert into EquipamentoUtilizado (EquipamentoDisponivel_idEquipamentoDisponivel, TCRealizado_idTCRealizado) values (6, 21);
insert into EquipamentoUtilizado (EquipamentoDisponivel_idEquipamentoDisponivel, TCRealizado_idTCRealizado) values (6, 28);
insert into EquipamentoUtilizado (EquipamentoDisponivel_idEquipamentoDisponivel, TCRealizado_idTCRealizado) values (6, 29);
insert into EquipamentoUtilizado (EquipamentoDisponivel_idEquipamentoDisponivel, TCRealizado_idTCRealizado) values (3, 33);
insert into EquipamentoUtilizado (EquipamentoDisponivel_idEquipamentoDisponivel, TCRealizado_idTCRealizado) values (4, 55);
insert into EquipamentoUtilizado (EquipamentoDisponivel_idEquipamentoDisponivel, TCRealizado_idTCRealizado) values (3, 59);
insert into EquipamentoUtilizado (EquipamentoDisponivel_idEquipamentoDisponivel, TCRealizado_idTCRealizado) values (4, 68);
insert into EquipamentoUtilizado (EquipamentoDisponivel_idEquipamentoDisponivel, TCRealizado_idTCRealizado) values (9, 83);
insert into EquipamentoUtilizado (EquipamentoDisponivel_idEquipamentoDisponivel, TCRealizado_idTCRealizado) values (1, 6);
insert into EquipamentoUtilizado (EquipamentoDisponivel_idEquipamentoDisponivel, TCRealizado_idTCRealizado) values (7, 18);
insert into EquipamentoUtilizado (EquipamentoDisponivel_idEquipamentoDisponivel, TCRealizado_idTCRealizado) values (3, 26);
insert into EquipamentoUtilizado (EquipamentoDisponivel_idEquipamentoDisponivel, TCRealizado_idTCRealizado) values (2, 38);
insert into EquipamentoUtilizado (EquipamentoDisponivel_idEquipamentoDisponivel, TCRealizado_idTCRealizado) values (3, 44);
insert into EquipamentoUtilizado (EquipamentoDisponivel_idEquipamentoDisponivel, TCRealizado_idTCRealizado) values (3, 67);
insert into EquipamentoUtilizado (EquipamentoDisponivel_idEquipamentoDisponivel, TCRealizado_idTCRealizado) values (8, 78);
insert into EquipamentoUtilizado (EquipamentoDisponivel_idEquipamentoDisponivel, TCRealizado_idTCRealizado) values (1, 93);